{
    "param_grid": [
        {
            "alpha": [0.00001, 0.0001, 0.001, 0.01, 0.1, 0.5, 1.0, 5.0, 10.0],
            "max_iter": [10000],
            "normalize": [true, false],
            "tol": [0.00001 , 0.0001, 0.001]
        }
    ]
}
